sales_region_code,second_cate_code,ord_qty
105,402,208.95426195426197
105,401,100.52266288951841
105,404,95.22517730496453
104,404,110.85696040868454
104,403,103.65980498374864
104,405,82.58901830282862
103,402,210.17808219178082
103,403,130.96594778660614
103,404,123.72822665267576
102,402,159.56906077348066
102,407,114.81751706207345
102,404,114.3715308863026
101,402,155.81944444444446
101,403,143.8074369189907
101,404,128.53551296505074
