sales_region_code,first_cate_code,ord_qty
105,306,96.55534836412951
105,308,95.22517730496453
105,307,85.45477545857052
104,308,110.85696040868454
104,307,103.65980498374864
104,301,82.58901830282862
103,307,130.96594778660614
103,306,126.41148886283705
103,308,123.72822665267576
102,306,116.09613259668508
102,308,114.3715308863026
102,307,113.64625850340136
101,307,143.8074369189907
101,308,128.53551296505074
101,306,111.72723928637116
